"source_dist","nrow","proportion","n_sims","n_datasets","coverage","bias_median","bias_q25","bias_q75","width_median"
"gamma",5,0.01,2000,4,0.3155,37.6578394424803,4.38369329612324,189.158338086414,418.28716643647
"gamma",5,0.05,2000,4,0.451,3.91692679154245,0.101999218642471,17.3952992853606,44.8846189450356
"gamma",5,0.1,2000,4,0.565,1.15523016578296,-0.413675339876333,5.49128965822535,17.2532035337634
"gamma",5,0.2,2000,4,0.72,0.0317572787894668,-0.657382565727197,1.59463959158634,6.79647576752269
"gamma",6,0.01,2000,4,0.6715,9.37292297133139,0.889959561124741,64.6044767973142,187.785164424952
"gamma",6,0.05,2000,4,0.7025,2.65338906900403,0.134033582682637,12.1326592755725,27.3059506847033
"gamma",6,0.1,2000,4,0.7305,1.20163523148992,-0.19445102889159,4.97384338010024,12.2625683229478
"gamma",6,0.2,2000,4,0.772,0.354936253438069,-0.376984737563329,1.87616515734239,5.67201713365789
"gamma",7,0.01,2000,4,0.681,7.89314096339975,0.699303075290504,50.0104403687657,156.627157500998
"gamma",7,0.05,2000,4,0.712,2.37351184144449,0.0685939838519272,10.1590411172413,23.533075971591
"gamma",7,0.1,2000,4,0.7435,1.06622383008475,-0.182243468431066,4.30275217603134,10.9547508043621
"gamma",7,0.2,2000,4,0.7895,0.363234995806416,-0.376807038530026,1.6669879129531,5.13335839653975
"gamma",8,0.01,2000,4,0.704,7.12836594702255,0.546058859893971,41.896102786646,131.301393910222
"gamma",8,0.05,2000,4,0.7325,2.1958053062998,0.0371883236425841,8.60469166051251,20.8938141475997
"gamma",8,0.1,2000,4,0.7515,1.03915021761901,-0.19226466470601,3.87091021452396,9.89450525713621
"gamma",8,0.2,2000,4,0.788,0.332721345546941,-0.362304763921855,1.57714499531377,4.7140285437014
"gamma",10,0.01,2000,4,0.7215,5.66927297865313,0.206645728527781,31.3171432452868,96.1153784541678
"gamma",10,0.05,2000,4,0.7475,1.74180226536367,-0.0896241274535052,6.98194827337861,16.4292734934934
"gamma",10,0.1,2000,4,0.7695,0.850419478344463,-0.243844742481627,3.29067061016746,8.10008649573783
"gamma",10,0.2,2000,4,0.8155,0.288350001469542,-0.340041287021097,1.34517979309722,4.03727394680242
"gamma",16,0.01,2000,4,0.765,3.69885295106505,0.189276209512556,16.5720065999245,54.1308187519268
"gamma",16,0.05,2000,4,0.7915,1.22268513802919,-0.0889510108866019,4.38847333524049,10.984897856485
"gamma",16,0.1,2000,4,0.8115,0.593824992460271,-0.241288403554254,2.1634630327172,5.67962829055346
"gamma",16,0.2,2000,4,0.845,0.216202954436523,-0.284695950108061,1.00501661017192,3.07719930752453
"gamma",26,0.01,2000,4,0.806,2.41218044198432,0.0251279141211376,9.38570558012947,30.2255589018031
"gamma",26,0.05,2000,4,0.8285,0.883485767265616,-0.133411938424687,2.77544151897335,7.23144917731762
"gamma",26,0.1,2000,4,0.8515,0.433421162766873,-0.177429484262996,1.47054979367184,4.05870974438663
"gamma",26,0.2,2000,4,0.8915,0.200709346905799,-0.19386207485329,0.75042820512595,2.38408824979902
"lgumbel",5,0.01,7500,15,0.7848,0.632874735912727,-0.209981256636662,2.21103797742957,11.1476332109385
"lgumbel",5,0.05,7500,15,0.719466666666667,0.480878523104425,-0.108594476084334,1.58262121185173,7.29214598657693
"lgumbel",5,0.1,7500,15,0.7316,0.303960105417508,-0.165113793498136,1.19990416108953,5.90618164747867
"lgumbel",5,0.2,7500,15,0.813466666666667,0.0937808248655993,-0.296080439851705,0.819815413786309,4.95299642149021
"lgumbel",6,0.01,7500,15,0.983733333333333,-0.686814843983083,-0.903201794094831,-0.231713864536552,6.89328930329867
"lgumbel",6,0.05,7500,15,0.964533333333333,-0.136914434078023,-0.514307465919308,0.457015948534105,6.00079821166232
"lgumbel",6,0.1,7500,15,0.9468,0.0560028482923054,-0.334498691265707,0.666821056162805,5.57134606035433
"lgumbel",6,0.2,7500,15,0.9144,0.184803501372852,-0.202874331797099,0.860948887127318,4.91364882290736
"lgumbel",7,0.01,7500,15,0.99,-0.680966893322933,-0.892749361424911,-0.304283681021379,5.68159674210086
"lgumbel",7,0.05,7500,15,0.977333333333333,-0.146512426648969,-0.50103000614408,0.357096478941383,5.08227867268939
"lgumbel",7,0.1,7500,15,0.9628,0.0255656296238877,-0.325593965933647,0.564363129887915,4.76467803928181
"lgumbel",7,0.2,7500,15,0.931866666666667,0.164047398392212,-0.193499823857767,0.75481969667072,4.2863860031289
"lgumbel",8,0.01,7500,15,0.9944,-0.673314306888618,-0.875224992470644,-0.320403871624869,4.8572431401219
"lgumbel",8,0.05,7500,15,0.982266666666667,-0.162283156340607,-0.481967917121645,0.297179514584946,4.41927618389816
"lgumbel",8,0.1,7500,15,0.968133333333333,0.0104243053465727,-0.316572644289454,0.490723660852477,4.14552967132668
"lgumbel",8,0.2,7500,15,0.937733333333333,0.140061443857791,-0.190968514701424,0.672044229706745,3.81094443323703
"lgumbel",10,0.01,7500,15,0.9972,-0.633145336059927,-0.833640596492938,-0.328181590087278,3.86622461031158
"lgumbel",10,0.05,7500,15,0.988666666666667,-0.165517849952443,-0.446639761872999,0.225481128706396,3.51872040826378
"lgumbel",10,0.1,7500,15,0.975066666666667,-0.0143354950718319,-0.293517951726705,0.397141510175406,3.31514805380173
"lgumbel",10,0.2,7500,15,0.944933333333333,0.103709883652656,-0.179781444045237,0.552820228341671,3.10370519463451
"lgumbel",16,0.01,7500,15,0.996266666666667,-0.47822920509916,-0.709031810808314,-0.176628013193321,2.64509264442246
"lgumbel",16,0.05,7500,15,0.989733333333333,-0.120449564761288,-0.352083432092486,0.186400666216801,2.35374505893849
"lgumbel",16,0.1,7500,15,0.978666666666667,-0.0114934855919834,-0.235816654636125,0.285617258686221,2.19042563060162
"lgumbel",16,0.2,7500,15,0.946266666666667,0.0655333438656004,-0.156276916643609,0.387448530962358,2.02856432625535
"lgumbel",26,0.01,7500,15,0.993333333333333,-0.306345644935829,-0.544587480281181,-0.0337355030156188,1.97315016203404
"lgumbel",26,0.05,7500,15,0.9828,-0.0731537313225589,-0.267382445829859,0.161094845066396,1.64435787877303
"lgumbel",26,0.1,7500,15,0.968,-0.00618064849339192,-0.18805126397597,0.215641141549125,1.48898575696459
"lgumbel",26,0.2,7500,15,0.9428,0.0444778630639072,-0.134414904457982,0.272024751252941,1.3707423543836
"llogis",5,0.01,2500,5,0.416,4.87421959560968,1.14793934980084,16.004987261896,48.2377111856963
"llogis",5,0.05,2500,5,0.5292,1.2959496988531,0.0901568405611631,3.79419612490736,13.0628534413754
"llogis",5,0.1,2500,5,0.6292,0.523700963616145,-0.208453446710596,1.9336644039832,7.56866848477125
"llogis",5,0.2,2500,5,0.7576,0.0297780771468166,-0.435553760294853,0.827300094198894,4.56932556325161
"llogis",6,0.01,2500,5,0.876,0.523913316479609,-0.503080266946284,3.22149021636254,24.2189124728502
"llogis",6,0.05,2500,5,0.8716,0.488100729374316,-0.27457745242146,2.04735143524431,9.32860343240315
"llogis",6,0.1,2500,5,0.8672,0.324618468567698,-0.267507667843637,1.40070011276723,6.26073623243927
"llogis",6,0.2,2500,5,0.87,0.160684772105533,-0.300748003501531,0.906768377124813,4.21292425478268
"llogis",7,0.01,2500,5,0.8968,0.423361735282855,-0.53236028791355,2.63084806111674,20.261220213733
"llogis",7,0.05,2500,5,0.89,0.413507621505647,-0.30255565528856,1.6982247712661,8.12699421254046
"llogis",7,0.1,2500,5,0.8896,0.270733085533581,-0.299824025648245,1.20006103869633,5.55823988462944
"llogis",7,0.2,2500,5,0.882,0.136543999395823,-0.310456889303262,0.809667400168035,3.78286975970064
"llogis",8,0.01,2500,5,0.912,0.323138276915073,-0.544755246833968,2.16843076748785,16.8964337164077
"llogis",8,0.05,2500,5,0.9,0.339086422352111,-0.30801669584742,1.49895041894152,6.87619051030762
"llogis",8,0.1,2500,5,0.8952,0.194896909442377,-0.291516477855652,1.05274730067901,4.85641730761353
"llogis",8,0.2,2500,5,0.8912,0.0927361906243732,-0.298530951997568,0.700684275038588,3.43729981074859
"llogis",10,0.01,2500,5,0.9336,0.257614499201587,-0.537438759257924,1.88454057111805,13.0016047035418
"llogis",10,0.05,2500,5,0.9248,0.262560497041034,-0.315595543786239,1.21142421282053,5.54652987634675
"llogis",10,0.1,2500,5,0.9168,0.146507815369955,-0.299285261260996,0.826559006477706,3.94192157343793
"llogis",10,0.2,2500,5,0.902,0.0468654673070715,-0.296273185413452,0.555172371665487,2.89626295108102
"llogis",16,0.01,2500,5,0.94,0.21095969461763,-0.50141488179029,1.60064213460278,8.26857344592514
"llogis",16,0.05,2500,5,0.9304,0.137893782633954,-0.3311350907565,0.875763026275947,3.60853246187503
"llogis",16,0.1,2500,5,0.9248,0.0501450256887063,-0.306210207869119,0.556851992905925,2.65520861416323
"llogis",16,0.2,2500,5,0.9216,-0.0156159844534414,-0.274881351717875,0.355843243364334,2.05476781521236
"llogis",26,0.01,2500,5,0.9236,0.19448617681013,-0.408223760700319,1.40061753951059,5.72382224507433
"llogis",26,0.05,2500,5,0.9216,0.0911616455556833,-0.303808451972962,0.63089556884549,2.54988520855623
"llogis",26,0.1,2500,5,0.926,0.00758069303158205,-0.284434842240713,0.387393330947738,1.9018806694747
"llogis",26,0.2,2500,5,0.932,-0.0226179948376087,-0.24648052044216,0.250419354681331,1.50091131461167
"lnorm",5,0.01,5000,10,0.5462,3.45663953150679,0.529909241448713,12.7561326205015,58.5153711525515
"lnorm",5,0.05,5000,10,0.5776,1.28159314030365,-0.00600899855076683,4.56137967779472,20.0106777297953
"lnorm",5,0.1,5000,10,0.6432,0.579450833429512,-0.24604476226521,2.41132559678147,11.5873111462089
"lnorm",5,0.2,5000,10,0.7726,0.071554221376244,-0.468074245925702,1.13873240439986,6.579276044685
"lnorm",6,0.01,5000,10,0.936,-0.197096460400789,-0.771473858964007,1.43915944402215,27.8502064481938
"lnorm",6,0.05,5000,10,0.9044,0.397996167224775,-0.369122203087511,2.06590799408474,13.4742414501186
"lnorm",6,0.1,5000,10,0.8868,0.3717432445703,-0.291035576822401,1.77977037537458,9.44293383500823
"lnorm",6,0.2,5000,10,0.87,0.254632821761685,-0.283789259214561,1.30690957139455,6.30705858336534
"lnorm",7,0.01,5000,10,0.9508,-0.265439938774541,-0.779731555386854,1.13712208410543,21.7632505119758
"lnorm",7,0.05,5000,10,0.9244,0.307085680221504,-0.383773661811954,1.7172973892607,11.1599683749475
"lnorm",7,0.1,5000,10,0.905,0.315489296015614,-0.309664826170254,1.48207226526713,8.1578192047305
"lnorm",7,0.2,5000,10,0.8856,0.229012080004848,-0.284465311781025,1.10626209283622,5.54944948972031
"lnorm",8,0.01,5000,10,0.9652,-0.307027636713647,-0.77953842686957,0.933548107893087,17.7012513960581
"lnorm",8,0.05,5000,10,0.9376,0.248840326028842,-0.395772233861331,1.53410608663856,9.43921436433575
"lnorm",8,0.1,5000,10,0.9144,0.257032957654282,-0.304759144450286,1.32514725484368,7.00713603031717
"lnorm",8,0.2,5000,10,0.8924,0.180384213301964,-0.286778132354434,1.01465368029965,4.97525940098755
"lnorm",10,0.01,5000,10,0.9744,-0.315653857731261,-0.77250049141108,0.66144998502907,12.8277884564476
"lnorm",10,0.05,5000,10,0.9506,0.194971093443732,-0.384339350607746,1.18266592852275,7.34451576118464
"lnorm",10,0.1,5000,10,0.932,0.208616365114963,-0.304445571607924,1.04023598701368,5.62140058384184
"lnorm",10,0.2,5000,10,0.9128,0.15162311226012,-0.266327652483532,0.832905471484087,4.14935317995848
"lnorm",16,0.01,5000,10,0.9816,-0.301713822618405,-0.720529586420182,0.532514665601389,7.54545867545955
"lnorm",16,0.05,5000,10,0.9644,0.103747324777969,-0.373391261664012,0.835322300236442,4.57650899892427
"lnorm",16,0.1,5000,10,0.9456,0.123204143968663,-0.2803742889002,0.74477481771278,3.65103609921786
"lnorm",16,0.2,5000,10,0.9248,0.0953759771688293,-0.242693417040793,0.600090302763063,2.86246653322742
"lnorm",26,0.01,5000,10,0.9718,-0.2387178607589,-0.643124031178032,0.527074993403967,4.89170202739993
"lnorm",26,0.05,5000,10,0.9524,0.0391304555523082,-0.331997320071648,0.605396327865319,3.05492003806838
"lnorm",26,0.1,5000,10,0.9394,0.0430671231477165,-0.263306595914358,0.508526326471441,2.47582476418686
"lnorm",26,0.2,5000,10,0.9276,0.0362079476785529,-0.228036144404225,0.417659773265394,2.01723404172426
"lnorm_lnorm",5,0.01,500,1,0.974,-0.0788840023190424,-0.579186392666982,0.447904449953828,1.83376093038102
"lnorm_lnorm",5,0.05,500,1,0.972,-0.0481197565676929,-0.339962541027741,0.0937324023317312,1.27970880165604
"lnorm_lnorm",5,0.1,500,1,0.97,-0.0245220465071804,-0.210910019330484,0.0860808457894151,1.33543272787443
"lnorm_lnorm",5,0.2,500,1,0.97,-0.0281380765757681,-0.120123602600574,0.0583942341285424,1.63634427436675
"lnorm_lnorm",6,0.01,500,1,0.924,-0.677248385886778,-0.826568835659582,-0.356496859532224,1.90015383524306
"lnorm_lnorm",6,0.05,500,1,0.954,-0.395627318704197,-0.545676485507573,-0.202392854528999,1.47780184155814
"lnorm_lnorm",6,0.1,500,1,0.966,-0.223071273257375,-0.346147390504891,-0.102935597985812,1.50734446712732
"lnorm_lnorm",6,0.2,500,1,0.972,-0.0455447965025308,-0.119686896972453,0.0588030698588957,1.61903744223153
"lnorm_lnorm",7,0.01,500,1,0.922,-0.615623730175143,-0.812334594300342,-0.28112233146694,1.71608727108357
"lnorm_lnorm",7,0.05,500,1,0.948,-0.363367006601976,-0.526477523622953,-0.199932222670711,1.3011483920993
"lnorm_lnorm",7,0.1,500,1,0.966,-0.224354696533594,-0.33073406162953,-0.108928779969898,1.30636895799508
"lnorm_lnorm",7,0.2,500,1,0.978,-0.0470296902906012,-0.124511336519492,0.0437055543457433,1.40880971531242
"lnorm_lnorm",8,0.01,500,1,0.926,-0.585208260536363,-0.783683839613315,-0.239733967796292,1.59932364193875
"lnorm_lnorm",8,0.05,500,1,0.942,-0.3623845806325,-0.506579649420995,-0.201394157008272,1.19249039569601
"lnorm_lnorm",8,0.1,500,1,0.96,-0.214120885439042,-0.326097028023759,-0.107298501316288,1.19527773601319
"lnorm_lnorm",8,0.2,500,1,0.986,-0.0473355130762004,-0.117873844909037,0.0279212203074086,1.24054291233594
"lnorm_lnorm",10,0.01,500,1,0.938,-0.366173425991978,-0.653905261743482,0.0283395821240584,1.43953328548161
"lnorm_lnorm",10,0.05,500,1,0.938,-0.246990798176334,-0.409685208563709,-0.101656447148936,0.963155519141781
"lnorm_lnorm",10,0.1,500,1,0.96,-0.131402110427559,-0.237537106910249,-0.0467569884234169,0.922504070731681
"lnorm_lnorm",10,0.2,500,1,0.982,-0.0198835699754396,-0.0884772894925836,0.0416053626158642,0.920522577581021
"lnorm_lnorm",16,0.01,500,1,0.88,0.22684269323898,-0.325070438797894,0.411930629420108,1.11040159175536
"lnorm_lnorm",16,0.05,500,1,0.894,-0.00249225051671602,-0.118095259594402,0.0667290457783692,0.44771344061683
"lnorm_lnorm",16,0.1,500,1,0.91,0.00129438112475102,-0.0538597158149184,0.0522545734267366,0.32100954355071
"lnorm_lnorm",16,0.2,500,1,0.914,0.00225480398353578,-0.0371536040330853,0.0425038857956614,0.272256759712603
"lnorm_lnorm",26,0.01,500,1,0.786,0.212798005605738,-0.439382613134311,0.369552146727913,1.10892808476086
"lnorm_lnorm",26,0.05,500,1,0.92,-0.003490224153801,-0.0590727755092824,0.0445719221719044,0.325142721653639
"lnorm_lnorm",26,0.1,500,1,0.936,0.00308577981691695,-0.0356150202075565,0.037448426803644,0.223934306294221
"lnorm_lnorm",26,0.2,500,1,0.932,-0.000713244287583498,-0.0288486303144242,0.0285679327280499,0.178775591152283
"weibull",5,0.01,3000,6,0.343333333333333,8.99419528248236,0.908424888432782,54.3809974326319,122.844262265385
"weibull",5,0.05,3000,6,0.478,1.30955481310178,-0.0724327973659169,7.43767018302151,21.0142187973851
"weibull",5,0.1,3000,6,0.587666666666667,0.442112388839823,-0.32956647822992,2.78738953807511,9.5316509376789
"weibull",5,0.2,3000,6,0.750666666666667,-0.0174613762455853,-0.529351709496703,0.803463152696864,4.41729273995624
"weibull",6,0.01,3000,6,0.729,1.77297376214152,-0.0275786860960888,13.5813876973134,60.7218714532692
"weibull",6,0.05,3000,6,0.751333333333333,0.837305350774343,-0.130107923469509,4.64745521320601,13.9421194665207
"weibull",6,0.1,3000,6,0.766666666666667,0.425916470265593,-0.235496423707442,2.38412303580809,7.39969103255472
"weibull",6,0.2,3000,6,0.806333333333333,0.145038256256063,-0.33102491220339,1.11474943927065,3.94845866914493
"weibull",7,0.01,3000,6,0.753666666666667,1.54884628644103,-0.0549864208904066,11.310683391375,49.0458641399452
"weibull",7,0.05,3000,6,0.767666666666667,0.738456872778281,-0.133698777055543,3.98197891925336,11.8393740307478
"weibull",7,0.1,3000,6,0.79,0.379729950407869,-0.226455148811815,2.07943871021054,6.456053509877
"weibull",7,0.2,3000,6,0.816666666666667,0.12271137227214,-0.313121875617615,1.00233619253292,3.58755990611238
"weibull",8,0.01,3000,6,0.777,1.33216517046956,-0.0930221297719226,9.31258800722026,42.5399690145798
"weibull",8,0.05,3000,6,0.788666666666667,0.649602307653235,-0.16425095432188,3.40791420516146,10.5943492924554
"weibull",8,0.1,3000,6,0.803,0.334059516403762,-0.231746978131929,1.83918962531114,5.89582473706884
"weibull",8,0.2,3000,6,0.832333333333333,0.0902651127813612,-0.305897056226402,0.884455983101447,3.30963084040323
"weibull",10,0.01,3000,6,0.804333333333333,1.07331406091945,-0.156178113277035,7.23985438191116,32.7187273207203
"weibull",10,0.05,3000,6,0.816,0.521056814387034,-0.170311872807308,2.84069784494297,8.79045461647134
"weibull",10,0.1,3000,6,0.823333333333333,0.270648656384806,-0.239704567902258,1.5551799533163,5.00376090760037
"weibull",10,0.2,3000,6,0.846333333333333,0.0774662626024737,-0.300818013424325,0.752468687360809,2.89575523590993
"weibull",16,0.01,3000,6,0.857,0.67646508592115,-0.205461583802607,3.87560585627818,18.9086839717575
"weibull",16,0.05,3000,6,0.862,0.333339791945855,-0.203772708961043,1.68279854510007,5.81080043742365
"weibull",16,0.1,3000,6,0.875,0.169808022578242,-0.245461311673814,0.972201200649865,3.55901666691427
"weibull",16,0.2,3000,6,0.884333333333333,0.0516747193406024,-0.264166673251541,0.538120167194327,2.26173754083247
"weibull",26,0.01,3000,6,0.889666666666667,0.432847392560821,-0.235752524845191,2.39529745177858,11.6985191793434
"weibull",26,0.05,3000,6,0.896333333333333,0.185472893805309,-0.241605532596224,1.03444301727879,4.0134853423734
"weibull",26,0.1,3000,6,0.902666666666667,0.0988371839988147,-0.246726665544526,0.631243430314163,2.61252545327343
"weibull",26,0.2,3000,6,0.914333333333333,0.0279035676375938,-0.220562729218381,0.38554149615613,1.770977664346
